repositoryManifestId,sourceIndexId,sourceVersionId,sourceId,sourceTitle,sourceFamilyId,domainId,documentType,sourceReference,jurisdiction,authorityLevel,sourceStatus,chunkId,chunkOrdinal,chunkKind,sourceTextType,pageStart,pageEnd,pageReference,headingPath,sectionReference,topic,sourceTextExcerpt,normalizedTextExcerpt,normalizedSearchText,summary,keyPoints,concepts,definedTerms,acronyms,requirements,citationDisplay,controlledTags,keywords,fidelity,confidence,retrievalEligible,promotionEligible,relationshipIds,reviewIndexPath,selfReviewPath,batchIds,textLayerQuality,pageImageBackstop,lineReferencesAvailable,canonicalSourceIndexPath
source-index-poc-2026-07-21,source-index-ag01-net-premium-interpretation,source-index-ag01-net-premium-interpretation,ag01-net-premium-interpretation,Valuation of Policies in Which the Net Premium Exceeds the Gross Premium,actuarial_guidelines,naic_regulatory,actuarial_guideline,Actuarial Guideline I,NAIC,guideline,active,chunk-ag01-net-premium-interpretation-001,1,guideline_interpretation,review_artifact_derived_text,1,1,pp. 1-1,AG 01: net premium exceeds gross premium interpretation,AG 01: net premium exceeds gross premium interpretation,AG 01 clarifies the valuation treatment when net premium exceeds gross premium and keeps the cross-reference review-only.,Interpretive guidance for policies where net premium exceeds gross premium.,Net-premium-exceeds-gross-premium guidance.,interpretive guidance for policies where net premium exceeds gross premium. net-premium-exceeds-gross-premium guidance. ag 01 clarifies the valuation treatment when net premium exceeds gross premium and keeps the cross-reference review-only. ag 01 clarifies the valuation treatment when net premium exceeds gross premium and keeps the cross-reference review-only. ag 01: net premium exceeds gross premium interpretation ag 01: net premium exceeds gross premium interpretation valuation of policies in which the net premium exceeds the gross premium actuarial guideline i ag 01 clarifies the valuation treatment when net premium exceeds gross premium and keeps the cross-reference review-only. regulatory_requirement definition_or_terminology cross_reference_mapping requires_human_interpretation boundary_control_window net premium gross premium valuation interpretation regulatory_requirement ag 01 - valuation of policies in which the net premium exceeds the gross premium.pdf regulatory_requirement definition_or_terminology cross_reference_mapping requires_human_interpretation boundary_control_window net premium gross premium valuation interpretation,AG 01 clarifies the valuation treatment when net premium exceeds gross premium and keeps the cross-reference review-only.,AG 01 clarifies the valuation treatment when net premium exceeds gross premium and keeps the cross-reference review-only.,regulatory_requirement|definition_or_terminology|cross_reference_mapping|requires_human_interpretation|boundary_control_window,net premium|gross premium|valuation|interpretation,,regulatory_requirement,AG 01 - Valuation of Policies in Which the Net Premium Exceeds the Gross Premium.pdf,regulatory_requirement|definition_or_terminology|cross_reference_mapping|requires_human_interpretation|boundary_control_window,net premium|gross premium|valuation|interpretation,curated,high,true,false,,docs/review/ag01_review_index.md,docs/review/ag01_self_review.md,batch-077,noisy,true,false,data/processed/source_indexes/sources/ag01-net-premium-interpretation.json
source-index-poc-2026-07-21,source-index-ag03-maturity-value-interpretation,source-index-ag03-maturity-value-interpretation,ag03-maturity-value-interpretation,Definition of the Term Maturity Value in the Standard Nonforfeiture Law of Individual Deferred Annuities,actuarial_guidelines,naic_regulatory,actuarial_guideline,Actuarial Guideline III,NAIC,guideline,active,chunk-ag03-maturity-value-interpretation-001,1,guideline_interpretation,review_artifact_derived_text,1,1,pp. 1-1,AG 03: maturity value interpretation,AG 03: maturity value interpretation,AG 03 explains the maturity-value treatment and keeps the underlying nonforfeiture-law cross-reference review-only.,Interpretive guidance for maturity value in the nonforfeiture-law context.,Maturity-value interpretation guidance.,interpretive guidance for maturity value in the nonforfeiture-law context. maturity-value interpretation guidance. ag 03 explains the maturity-value treatment and keeps the underlying nonforfeiture-law cross-reference review-only. ag 03 explains the maturity-value treatment and keeps the underlying nonforfeiture-law cross-reference review-only. ag 03: maturity value interpretation ag 03: maturity value interpretation definition of the term maturity value in the standard nonforfeiture law of individual deferred annuities actuarial guideline iii ag 03 explains the maturity-value treatment and keeps the underlying nonforfeiture-law cross-reference review-only. regulatory_requirement definition_or_terminology cross_reference_mapping requires_human_interpretation boundary_control_window maturity value cash surrender value nonforfeiture interpretation regulatory_requirement ag 03 - definition of the term maturity value in the standard nonforfeiture law of individual deferred annuities.pdf regulatory_requirement definition_or_terminology cross_reference_mapping requires_human_interpretation boundary_control_window maturity value cash surrender value nonforfeiture interpretation,AG 03 explains the maturity-value treatment and keeps the underlying nonforfeiture-law cross-reference review-only.,AG 03 explains the maturity-value treatment and keeps the underlying nonforfeiture-law cross-reference review-only.,regulatory_requirement|definition_or_terminology|cross_reference_mapping|requires_human_interpretation|boundary_control_window,maturity value|cash surrender value|nonforfeiture|interpretation,,regulatory_requirement,AG 03 - Definition of the Term Maturity Value in the Standard Nonforfeiture Law of Individual Deferred Annuities.pdf,regulatory_requirement|definition_or_terminology|cross_reference_mapping|requires_human_interpretation|boundary_control_window,maturity value|cash surrender value|nonforfeiture|interpretation,curated,high,true,false,,docs/review/ag03_review_index.md,docs/review/ag03_self_review.md,batch-076,noisy,true,false,data/processed/source_indexes/sources/ag03-maturity-value-interpretation.json
source-index-poc-2026-07-21,source-index-vm20-framework-overview,source-index-vm20-framework-overview,vm20-framework-overview,Valuation Manual,valuation_manual_pdfs,naic_regulatory,valuation_manual_section,2026 NAIC Valuation Manual,NAIC,manual_section,active,chunk-vm20-framework-overview-001,1,framework_overview,actual_extracted_source_text,45,46,pp. 45-46,Section 1: Purpose; Section 2: Minimum Reserve (overview),Section 1: Purpose; Section 2: Minimum Reserve (overview),VM-20 establishes the minimum reserve valuation standard and introduces the reserving structure at a high level.,These requirements establish the minimum reserve valuation standard.,Minimum reserve valuation standard and reserving structure overview.,these requirements establish the minimum reserve valuation standard. minimum reserve valuation standard and reserving structure overview. vm-20 establishes the minimum reserve valuation standard and introduces the reserving structure at a high level. vm-20 establishes the minimum reserve valuation standard and introduces the reserving structure at a high level. section 1: purpose; section 2: minimum reserve (overview) section 1: purpose; section 2: minimum reserve (overview) valuation manual 2026 naic valuation manual vm-20 establishes the minimum reserve valuation standard and introduces the reserving structure at a high level. core_vm_course framework_overview regulatory_requirement background_content cross_reference_mapping vm-20 minimum reserve valuation standard overview regulatory_requirement these requirements establish the minimum reserve valuation standard core_vm_course framework_overview regulatory_requirement background_content cross_reference_mapping vm-20 minimum reserve valuation standard overview,VM-20 establishes the minimum reserve valuation standard and introduces the reserving structure at a high level.,VM-20 establishes the minimum reserve valuation standard and introduces the reserving structure at a high level.,core_vm_course|framework_overview|regulatory_requirement|background_content|cross_reference_mapping,VM-20|minimum reserve|valuation standard|overview,,regulatory_requirement,These requirements establish the minimum reserve valuation standard,core_vm_course|framework_overview|regulatory_requirement|background_content|cross_reference_mapping,VM-20|minimum reserve|valuation standard|overview,exact,high,true,false,chunk-vm20-framework-boundary-001,docs/review/vm20_review_index.md,docs/review/vm20_self_review.md,batch-003,clean,false,false,data/processed/source_indexes/sources/vm20-framework-overview.json
source-index-poc-2026-07-21,source-index-vm20-framework-boundary,source-index-vm20-framework-boundary,vm20-framework-boundary,Valuation Manual,valuation_manual_pdfs,naic_regulatory,valuation_manual_section,2026 NAIC Valuation Manual,NAIC,manual_section,active,chunk-vm20-framework-boundary-001,1,boundary_slice,actual_extracted_source_text,47,47,pp. 47-47,Section 2: Minimum Reserve (category continuation),Section 2: Minimum Reserve (category continuation),This slice marks the transition from framework overview into reserve-category mechanics and is retained as a boundary-control checkpoint only.,The minimum reserve for each VM-20 reserving category equals the sum of the Section 2 results.,Boundary slice from overview into reserve-category mechanics.,the minimum reserve for each vm-20 reserving category equals the sum of the section 2 results. boundary slice from overview into reserve-category mechanics. this slice marks the transition from framework overview into reserve-category mechanics and is retained as a boundary-control checkpoint only. this slice marks the transition from framework overview into reserve-category mechanics and is retained as a boundary-control checkpoint only. section 2: minimum reserve (category continuation) section 2: minimum reserve (category continuation) valuation manual 2026 naic valuation manual this slice marks the transition from framework overview into reserve-category mechanics and is retained as a boundary-control checkpoint only. core_vm_course mechanics_boundary requires_human_interpretation formula_context boundary_control_window vm-20 boundary reserve category mechanics the minimum reserve for each vm-20 reserving category equals the sum of the section 2 results core_vm_course mechanics_boundary requires_human_interpretation formula_context boundary_control_window vm-20 boundary reserve category mechanics,This slice marks the transition from framework overview into reserve-category mechanics and is retained as a boundary-control checkpoint only.,This slice marks the transition from framework overview into reserve-category mechanics and is retained as a boundary-control checkpoint only.,core_vm_course|mechanics_boundary|requires_human_interpretation|formula_context|boundary_control_window,VM-20|boundary|reserve category|mechanics,,,The minimum reserve for each VM-20 reserving category equals the sum of the Section 2 results,core_vm_course|mechanics_boundary|requires_human_interpretation|formula_context|boundary_control_window,VM-20|boundary|reserve category|mechanics,exact,high,true,false,chunk-vm20-framework-overview-001,docs/review/vm20_review_index.md,docs/review/vm20_self_review.md,batch-003,clean,false,false,data/processed/source_indexes/sources/vm20-framework-boundary.json
source-index-poc-2026-07-21,source-index-vm20-assumptions-section-3c,source-index-vm20-assumptions-section-3c,vm20-assumptions-section-3c,VM-20 Section 3.C Assumptions,valuation_manual_pdfs,naic_regulatory,valuation_manual_section,2026 NAIC Valuation Manual,NAIC,manual_section,active,chunk-vm20-assumptions-section-3c-001,1,source_excerpt,actual_extracted_source_text,58,59,pp. 58-59,Section 3.C: Mortality and interest assumptions,Section 3.C: Mortality and interest assumptions,Mortality and interest assumptions,Section 3.C mortality and interest assumptions,section 3.c mortality and interest assumptions,section 3.c mortality and interest assumptions section 3.c mortality and interest assumptions vm-20 section 3.c begins the assumption layer with mortality and interest assumptions. mortality and interest assumptions section 3.c: mortality and interest assumptions section 3.c: mortality and interest assumptions vm-20 section 3.c assumptions 2026 naic valuation manual vm-20 section 3.c begins the assumption layer with mortality and interest assumptions. core_vm_course reserve_method_structure prescribed_assumption company_or_prudent_estimate_assumption cross_reference_mapping vm-20 section 3.c mortality interest assumptions vm-20 section 3.c mortality and interest assumptions core_vm_course reserve_method_structure prescribed_assumption company_or_prudent_estimate_assumption cross_reference_mapping vm-20 section 3.c mortality interest assumptions,VM-20 Section 3.C begins the assumption layer with mortality and interest assumptions.,VM-20 Section 3.C begins the assumption layer with mortality and interest assumptions.,core_vm_course|reserve_method_structure|prescribed_assumption|company_or_prudent_estimate_assumption|cross_reference_mapping,VM-20|Section 3.C|mortality|interest|assumptions,,,VM-20 Section 3.C mortality and interest assumptions,core_vm_course|reserve_method_structure|prescribed_assumption|company_or_prudent_estimate_assumption|cross_reference_mapping,VM-20|Section 3.C|mortality|interest|assumptions,exact,high,true,false,vm20-framework-boundary,docs/review/vm20_review_index.md,docs/review/vm20_self_review.md,batch-006,clean,false,false,data/processed/source_indexes/sources/vm20-assumptions-section-3c.json
source-index-poc-2026-07-21,source-index-vm20-assumptions-section-3c,source-index-vm20-assumptions-section-3c,vm20-assumptions-section-3c,VM-20 Section 3.C Assumptions,valuation_manual_pdfs,naic_regulatory,valuation_manual_section,2026 NAIC Valuation Manual,NAIC,manual_section,active,chunk-vm20-assumptions-section-3c-002,2,source_excerpt,actual_extracted_source_text,60,61,pp. 60-61,Section 3.C: Expense and lapse assumptions,Section 3.C: Expense and lapse assumptions,Expense and lapse assumptions,Section 3.C expense and lapse assumptions,section 3.c expense and lapse assumptions,section 3.c expense and lapse assumptions section 3.c expense and lapse assumptions vm-20 section 3.c continues with expense and lapse assumptions. expense and lapse assumptions section 3.c: expense and lapse assumptions section 3.c: expense and lapse assumptions vm-20 section 3.c assumptions 2026 naic valuation manual vm-20 section 3.c continues with expense and lapse assumptions. core_vm_course reserve_method_structure prescribed_assumption company_or_prudent_estimate_assumption cross_reference_mapping vm-20 section 3.c expense lapse assumptions vm-20 section 3.c expense and lapse assumptions core_vm_course reserve_method_structure prescribed_assumption company_or_prudent_estimate_assumption cross_reference_mapping vm-20 section 3.c expense lapse assumptions,VM-20 Section 3.C continues with expense and lapse assumptions.,VM-20 Section 3.C continues with expense and lapse assumptions.,core_vm_course|reserve_method_structure|prescribed_assumption|company_or_prudent_estimate_assumption|cross_reference_mapping,VM-20|Section 3.C|expense|lapse|assumptions,,,VM-20 Section 3.C expense and lapse assumptions,core_vm_course|reserve_method_structure|prescribed_assumption|company_or_prudent_estimate_assumption|cross_reference_mapping,VM-20|Section 3.C|expense|lapse|assumptions,exact,high,true,false,vm20-framework-boundary,docs/review/vm20_review_index.md,docs/review/vm20_self_review.md,batch-006,clean,false,false,data/processed/source_indexes/sources/vm20-assumptions-section-3c.json
source-index-poc-2026-07-21,source-index-vm20-assumptions-section-3c,source-index-vm20-assumptions-section-3c,vm20-assumptions-section-3c,VM-20 Section 3.C Assumptions,valuation_manual_pdfs,naic_regulatory,valuation_manual_section,2026 NAIC Valuation Manual,NAIC,manual_section,active,chunk-vm20-assumptions-section-3c-003,3,source_excerpt,actual_extracted_source_text,62,63,pp. 62-63,Section 3.C: Margins and sensitivity treatment,Section 3.C: Margins and sensitivity treatment,Margins and sensitivity treatment,Section 3.C margins and sensitivity treatment,section 3.c margins and sensitivity treatment,section 3.c margins and sensitivity treatment section 3.c margins and sensitivity treatment vm-20 section 3.c addresses margins and sensitivity treatment for assumptions. margins and sensitivity treatment section 3.c: margins and sensitivity treatment section 3.c: margins and sensitivity treatment vm-20 section 3.c assumptions 2026 naic valuation manual vm-20 section 3.c addresses margins and sensitivity treatment for assumptions. core_vm_course reserve_method_structure formula_context prescribed_assumption requires_human_interpretation vm-20 section 3.c margins sensitivity treatment vm-20 section 3.c margins and sensitivity treatment core_vm_course reserve_method_structure formula_context prescribed_assumption requires_human_interpretation vm-20 section 3.c margins sensitivity treatment,VM-20 Section 3.C addresses margins and sensitivity treatment for assumptions.,VM-20 Section 3.C addresses margins and sensitivity treatment for assumptions.,core_vm_course|reserve_method_structure|formula_context|prescribed_assumption|requires_human_interpretation,VM-20|Section 3.C|margins|sensitivity|treatment,,,VM-20 Section 3.C margins and sensitivity treatment,core_vm_course|reserve_method_structure|formula_context|prescribed_assumption|requires_human_interpretation,VM-20|Section 3.C|margins|sensitivity|treatment,exact,high,true,false,vm20-framework-boundary,docs/review/vm20_review_index.md,docs/review/vm20_self_review.md,batch-006,clean,false,false,data/processed/source_indexes/sources/vm20-assumptions-section-3c.json
source-index-poc-2026-07-21,source-index-vm20-assumptions-section-3c,source-index-vm20-assumptions-section-3c,vm20-assumptions-section-3c,VM-20 Section 3.C Assumptions,valuation_manual_pdfs,naic_regulatory,valuation_manual_section,2026 NAIC Valuation Manual,NAIC,manual_section,active,chunk-vm20-assumptions-section-3c-004,4,source_excerpt,actual_extracted_source_text,64,65,pp. 64-65,Section 3.C: Assumption closeout and Section 4 boundary,Section 3.C: Assumption closeout and Section 4 boundary,Assumption closeout and Section 4 boundary,Section 3.C closeout and Section 4 boundary,section 3.c closeout and section 4 boundary,section 3.c closeout and section 4 boundary section 3.c closeout and section 4 boundary vm-20 section 3.c closes out the assumption layer and marks the transition toward section 4. assumption closeout and section 4 boundary section 3.c: assumption closeout and section 4 boundary section 3.c: assumption closeout and section 4 boundary vm-20 section 3.c assumptions 2026 naic valuation manual vm-20 section 3.c closes out the assumption layer and marks the transition toward section 4. core_vm_course reserve_method_structure cross_reference_mapping boundary_control_window requires_human_interpretation vm-20 section 3.c closeout section 4 boundary vm-20 section 3.c assumption closeout and section 4 boundary core_vm_course reserve_method_structure cross_reference_mapping boundary_control_window requires_human_interpretation vm-20 section 3.c closeout section 4 boundary,VM-20 Section 3.C closes out the assumption layer and marks the transition toward Section 4.,VM-20 Section 3.C closes out the assumption layer and marks the transition toward Section 4.,core_vm_course|reserve_method_structure|cross_reference_mapping|boundary_control_window|requires_human_interpretation,VM-20|Section 3.C|closeout|Section 4|boundary,,,VM-20 Section 3.C assumption closeout and Section 4 boundary,core_vm_course|reserve_method_structure|cross_reference_mapping|boundary_control_window|requires_human_interpretation,VM-20|Section 3.C|closeout|Section 4|boundary,exact,high,true,false,vm20-framework-boundary,docs/review/vm20_review_index.md,docs/review/vm20_self_review.md,batch-006,clean,false,false,data/processed/source_indexes/sources/vm20-assumptions-section-3c.json
source-index-poc-2026-07-21,source-index-vm21-sr-projection-entry,source-index-vm21-sr-projection-entry,vm21-sr-projection-entry,VM-21 Stochastic Reserve Projection Entry,valuation_manual_pdfs,naic_regulatory,valuation_manual_section,2026 NAIC Valuation Manual,NAIC,manual_section,active,chunk-vm21-sr-projection-entry-001,1,source_excerpt,actual_extracted_source_text,153,154,pp. 153-154,VM-21: Stochastic reserve projection setup,VM-21: Stochastic reserve projection setup,Stochastic reserve projection setup,VM-21 stochastic reserve projection setup,vm-21 stochastic reserve projection setup,vm-21 stochastic reserve projection setup vm-21 stochastic reserve projection setup vm-21 opens the stochastic reserve projection with setup and context. stochastic reserve projection setup vm-21: stochastic reserve projection setup vm-21: stochastic reserve projection setup vm-21 stochastic reserve projection entry 2026 naic valuation manual vm-21 opens the stochastic reserve projection with setup and context. core_vm_course reserve_method_structure scenario_or_stochastic_requirement cross_reference_mapping vm-21 stochastic reserve projection setup vm-21 stochastic reserve projection setup core_vm_course reserve_method_structure scenario_or_stochastic_requirement cross_reference_mapping vm-21 stochastic reserve projection setup,VM-21 opens the stochastic reserve projection with setup and context.,VM-21 opens the stochastic reserve projection with setup and context.,core_vm_course|reserve_method_structure|scenario_or_stochastic_requirement|cross_reference_mapping,VM-21|stochastic reserve|projection|setup,,,VM-21 stochastic reserve projection setup,core_vm_course|reserve_method_structure|scenario_or_stochastic_requirement|cross_reference_mapping,VM-21|stochastic reserve|projection|setup,exact,high,true,false,vm20-assumptions-section-3c,docs/review/vm21_review_index.md,docs/review/vm21_self_review.md,batch-025,clean,false,false,data/processed/source_indexes/sources/vm21-sr-projection-entry.json
source-index-poc-2026-07-21,source-index-vm21-sr-projection-entry,source-index-vm21-sr-projection-entry,vm21-sr-projection-entry,VM-21 Stochastic Reserve Projection Entry,valuation_manual_pdfs,naic_regulatory,valuation_manual_section,2026 NAIC Valuation Manual,NAIC,manual_section,active,chunk-vm21-sr-projection-entry-002,2,source_excerpt,actual_extracted_source_text,155,156,pp. 155-156,VM-21: Cash-flow mechanics,VM-21: Cash-flow mechanics,Cash-flow mechanics,VM-21 cash-flow mechanics,vm-21 cash-flow mechanics,vm-21 cash-flow mechanics vm-21 cash-flow mechanics vm-21 continues with the cash-flow mechanics that feed the stochastic reserve projection. cash-flow mechanics vm-21: cash-flow mechanics vm-21: cash-flow mechanics vm-21 stochastic reserve projection entry 2026 naic valuation manual vm-21 continues with the cash-flow mechanics that feed the stochastic reserve projection. core_vm_course reserve_method_structure calculation_structure formula_context requires_human_interpretation vm-21 cash flow mechanics projection vm-21 cash-flow mechanics core_vm_course reserve_method_structure calculation_structure formula_context requires_human_interpretation vm-21 cash flow mechanics projection,VM-21 continues with the cash-flow mechanics that feed the stochastic reserve projection.,VM-21 continues with the cash-flow mechanics that feed the stochastic reserve projection.,core_vm_course|reserve_method_structure|calculation_structure|formula_context|requires_human_interpretation,VM-21|cash flow|mechanics|projection,,,VM-21 cash-flow mechanics,core_vm_course|reserve_method_structure|calculation_structure|formula_context|requires_human_interpretation,VM-21|cash flow|mechanics|projection,exact,high,true,false,vm20-assumptions-section-3c,docs/review/vm21_review_index.md,docs/review/vm21_self_review.md,batch-025,clean,false,false,data/processed/source_indexes/sources/vm21-sr-projection-entry.json
source-index-poc-2026-07-21,source-index-vm21-sr-projection-entry,source-index-vm21-sr-projection-entry,vm21-sr-projection-entry,VM-21 Stochastic Reserve Projection Entry,valuation_manual_pdfs,naic_regulatory,valuation_manual_section,2026 NAIC Valuation Manual,NAIC,manual_section,active,chunk-vm21-sr-projection-entry-003,3,source_excerpt,actual_extracted_source_text,157,158,pp. 157-158,VM-21: NAER and direct iteration,VM-21: NAER and direct iteration,NAER and direct iteration,VM-21 NAER and direct iteration,vm-21 naer and direct iteration,vm-21 naer and direct iteration vm-21 naer and direct iteration vm-21 introduces naer and direct iteration in the stochastic reserve path. naer and direct iteration vm-21: naer and direct iteration vm-21: naer and direct iteration vm-21 stochastic reserve projection entry 2026 naic valuation manual vm-21 introduces naer and direct iteration in the stochastic reserve path. core_vm_course reserve_method_structure scenario_or_stochastic_requirement formula_context requires_human_interpretation vm-21 naer direct iteration stochastic vm-21 naer and direct iteration core_vm_course reserve_method_structure scenario_or_stochastic_requirement formula_context requires_human_interpretation vm-21 naer direct iteration stochastic,VM-21 introduces NAER and direct iteration in the stochastic reserve path.,VM-21 introduces NAER and direct iteration in the stochastic reserve path.,core_vm_course|reserve_method_structure|scenario_or_stochastic_requirement|formula_context|requires_human_interpretation,VM-21|NAER|direct iteration|stochastic,,,VM-21 NAER and direct iteration,core_vm_course|reserve_method_structure|scenario_or_stochastic_requirement|formula_context|requires_human_interpretation,VM-21|NAER|direct iteration|stochastic,exact,high,true,false,vm20-assumptions-section-3c,docs/review/vm21_review_index.md,docs/review/vm21_self_review.md,batch-025,clean,false,false,data/processed/source_indexes/sources/vm21-sr-projection-entry.json
source-index-poc-2026-07-21,source-index-vm21-sr-projection-entry,source-index-vm21-sr-projection-entry,vm21-sr-projection-entry,VM-21 Stochastic Reserve Projection Entry,valuation_manual_pdfs,naic_regulatory,valuation_manual_section,2026 NAIC Valuation Manual,NAIC,manual_section,active,chunk-vm21-sr-projection-entry-004,4,source_excerpt,actual_extracted_source_text,159,159,pp. 159-159,VM-21: Closeout boundary,VM-21: Closeout boundary,Closeout boundary,VM-21 closeout boundary,vm-21 closeout boundary,vm-21 closeout boundary vm-21 closeout boundary vm-21 closes the projection-entry slice with a boundary checkpoint. closeout boundary vm-21: closeout boundary vm-21: closeout boundary vm-21 stochastic reserve projection entry 2026 naic valuation manual vm-21 closes the projection-entry slice with a boundary checkpoint. core_vm_course cross_reference_mapping boundary_control_window requires_human_interpretation vm-21 closeout boundary vm-21 closeout boundary core_vm_course cross_reference_mapping boundary_control_window requires_human_interpretation vm-21 closeout boundary,VM-21 closes the projection-entry slice with a boundary checkpoint.,VM-21 closes the projection-entry slice with a boundary checkpoint.,core_vm_course|cross_reference_mapping|boundary_control_window|requires_human_interpretation,VM-21|closeout|boundary,,,VM-21 closeout boundary,core_vm_course|cross_reference_mapping|boundary_control_window|requires_human_interpretation,VM-21|closeout|boundary,exact,high,true,false,vm20-assumptions-section-3c,docs/review/vm21_review_index.md,docs/review/vm21_self_review.md,batch-025,clean,false,false,data/processed/source_indexes/sources/vm21-sr-projection-entry.json
source-index-poc-2026-07-21,source-index-ag36-eiul-crvm-guidance,source-index-ag36-eiul-crvm-guidance,ag36-eiul-crvm-guidance,The Application of the Commissioners Reserve Valuation Method to Equity Indexed Life Insurance Policies,actuarial_guidelines,naic_regulatory,actuarial_guideline,Actuarial Guideline XXXVI,NAIC,guideline,active,chunk-ag36-eiul-crvm-guidance-001,1,source_excerpt,actual_extracted_source_text,1,3,pp. 1-3,AG 36: Foundation and method overview,AG 36: Foundation and method overview,Foundation and method overview,AG 36 foundation and method overview,ag 36 foundation and method overview,ag 36 foundation and method overview ag 36 foundation and method overview ag 36 introduces the crvm framework for equity-indexed life insurance policies. foundation and method overview ag 36: foundation and method overview ag 36: foundation and method overview the application of the commissioners reserve valuation method to equity indexed life insurance policies actuarial guideline xxxvi ag 36 introduces the crvm framework for equity-indexed life insurance policies. regulatory_requirement reserve_method_structure definition_or_terminology cross_reference_mapping background_content ag 36 crvm equity indexed life insurance overview regulatory_requirement ag 36 foundation and method overview regulatory_requirement reserve_method_structure definition_or_terminology cross_reference_mapping background_content ag 36 crvm equity indexed life insurance overview,AG 36 introduces the CRVM framework for equity-indexed life insurance policies.,AG 36 introduces the CRVM framework for equity-indexed life insurance policies.,regulatory_requirement|reserve_method_structure|definition_or_terminology|cross_reference_mapping|background_content,AG 36|CRVM|equity indexed life insurance|overview,,regulatory_requirement,AG 36 foundation and method overview,regulatory_requirement|reserve_method_structure|definition_or_terminology|cross_reference_mapping|background_content,AG 36|CRVM|equity indexed life insurance|overview,exact,medium,true,false,ag36-eiul-crvm-law-manual-reprint,docs/review/ag36_review_index.md,docs/review/ag36_self_review.md,batch-123|batch-124|batch-125|batch-126,noisy,true,false,data/processed/source_indexes/sources/ag36-eiul-crvm-guidance.json
source-index-poc-2026-07-21,source-index-ag36-eiul-crvm-guidance,source-index-ag36-eiul-crvm-guidance,ag36-eiul-crvm-guidance,The Application of the Commissioners Reserve Valuation Method to Equity Indexed Life Insurance Policies,actuarial_guidelines,naic_regulatory,actuarial_guideline,Actuarial Guideline XXXVI,NAIC,guideline,active,chunk-ag36-eiul-crvm-guidance-002,2,source_excerpt,actual_extracted_source_text,4,6,pp. 4-6,AG 36: Attachments and method mechanics,AG 36: Attachments and method mechanics,Attachments and method mechanics,AG 36 attachments and method mechanics,ag 36 attachments and method mechanics,ag 36 attachments and method mechanics ag 36 attachments and method mechanics ag 36 describes the attachment-driven mechanics and rate framework. attachments and method mechanics ag 36: attachments and method mechanics ag 36: attachments and method mechanics the application of the commissioners reserve valuation method to equity indexed life insurance policies actuarial guideline xxxvi ag 36 describes the attachment-driven mechanics and rate framework. regulatory_requirement reserve_method_structure calculation_structure formula_context prescribed_assumption ag 36 attachments mechanics rates regulatory_requirement ag 36 attachments and method mechanics regulatory_requirement reserve_method_structure calculation_structure formula_context prescribed_assumption ag 36 attachments mechanics rates,AG 36 describes the attachment-driven mechanics and rate framework.,AG 36 describes the attachment-driven mechanics and rate framework.,regulatory_requirement|reserve_method_structure|calculation_structure|formula_context|prescribed_assumption,AG 36|attachments|mechanics|rates,,regulatory_requirement,AG 36 attachments and method mechanics,regulatory_requirement|reserve_method_structure|calculation_structure|formula_context|prescribed_assumption,AG 36|attachments|mechanics|rates,exact,medium,true,false,ag36-eiul-crvm-law-manual-reprint,docs/review/ag36_review_index.md,docs/review/ag36_self_review.md,batch-123|batch-124|batch-125|batch-126,noisy,true,false,data/processed/source_indexes/sources/ag36-eiul-crvm-guidance.json
source-index-poc-2026-07-21,source-index-ag36-eiul-crvm-guidance,source-index-ag36-eiul-crvm-guidance,ag36-eiul-crvm-guidance,The Application of the Commissioners Reserve Valuation Method to Equity Indexed Life Insurance Policies,actuarial_guidelines,naic_regulatory,actuarial_guideline,Actuarial Guideline XXXVI,NAIC,guideline,active,chunk-ag36-eiul-crvm-guidance-003,3,source_excerpt,actual_extracted_source_text,7,8,pp. 7-8,AG 36: Hedged as required and notification,AG 36: Hedged as required and notification,Hedged as required and notification,AG 36 hedged as required and notification,ag 36 hedged as required and notification,ag 36 hedged as required and notification ag 36 hedged as required and notification ag 36 adds the hedged-as-required criteria and the notification threshold. hedged as required and notification ag 36: hedged as required and notification ag 36: hedged as required and notification the application of the commissioners reserve valuation method to equity indexed life insurance policies actuarial guideline xxxvi ag 36 adds the hedged-as-required criteria and the notification threshold. regulatory_requirement hedging_or_risk_mitigation reporting_requirement governance_or_control_expectation cross_reference_mapping ag 36 hedged as required notification regulatory_requirement reporting_requirement governance_or_control_expectation ag 36 hedged as required and notification regulatory_requirement hedging_or_risk_mitigation reporting_requirement governance_or_control_expectation cross_reference_mapping ag 36 hedged as required notification,AG 36 adds the hedged-as-required criteria and the notification threshold.,AG 36 adds the hedged-as-required criteria and the notification threshold.,regulatory_requirement|hedging_or_risk_mitigation|reporting_requirement|governance_or_control_expectation|cross_reference_mapping,AG 36|hedged as required|notification,,regulatory_requirement|reporting_requirement|governance_or_control_expectation,AG 36 hedged as required and notification,regulatory_requirement|hedging_or_risk_mitigation|reporting_requirement|governance_or_control_expectation|cross_reference_mapping,AG 36|hedged as required|notification,exact,medium,true,false,ag36-eiul-crvm-law-manual-reprint,docs/review/ag36_review_index.md,docs/review/ag36_self_review.md,batch-123|batch-124|batch-125|batch-126,noisy,true,false,data/processed/source_indexes/sources/ag36-eiul-crvm-guidance.json
source-index-poc-2026-07-21,source-index-ag36-eiul-crvm-guidance,source-index-ag36-eiul-crvm-guidance,ag36-eiul-crvm-guidance,The Application of the Commissioners Reserve Valuation Method to Equity Indexed Life Insurance Policies,actuarial_guidelines,naic_regulatory,actuarial_guideline,Actuarial Guideline XXXVI,NAIC,guideline,active,chunk-ag36-eiul-crvm-guidance-004,4,source_excerpt,actual_extracted_source_text,9,11,pp. 9-11,AG 36: Certification and closeout,AG 36: Certification and closeout,Certification and closeout,AG 36 certification and closeout,ag 36 certification and closeout,ag 36 certification and closeout ag 36 certification and closeout ag 36 closes with reasonableness and consistency certifications. certification and closeout ag 36: certification and closeout ag 36: certification and closeout the application of the commissioners reserve valuation method to equity indexed life insurance policies actuarial guideline xxxvi ag 36 closes with reasonableness and consistency certifications. regulatory_requirement reporting_requirement documentation_expectation governance_or_control_expectation cross_reference_mapping boundary_control_window ag 36 certification closeout regulatory_requirement reporting_requirement documentation_expectation governance_or_control_expectation ag 36 certification and closeout regulatory_requirement reporting_requirement documentation_expectation governance_or_control_expectation cross_reference_mapping boundary_control_window ag 36 certification closeout,AG 36 closes with reasonableness and consistency certifications.,AG 36 closes with reasonableness and consistency certifications.,regulatory_requirement|reporting_requirement|documentation_expectation|governance_or_control_expectation|cross_reference_mapping|boundary_control_window,AG 36|certification|closeout,,regulatory_requirement|reporting_requirement|documentation_expectation|governance_or_control_expectation,AG 36 certification and closeout,regulatory_requirement|reporting_requirement|documentation_expectation|governance_or_control_expectation|cross_reference_mapping|boundary_control_window,AG 36|certification|closeout,exact,medium,true,false,ag36-eiul-crvm-law-manual-reprint,docs/review/ag36_review_index.md,docs/review/ag36_self_review.md,batch-123|batch-124|batch-125|batch-126,noisy,true,false,data/processed/source_indexes/sources/ag36-eiul-crvm-guidance.json
source-index-poc-2026-07-21,source-index-ag36-eiul-crvm-law-manual-reprint,source-index-ag36-eiul-crvm-law-manual-reprint,ag36-eiul-crvm-law-manual-reprint,The Application of the Commissioners Reserve Valuation Method to Equity Indexed Life Insurance Policies,actuarial_guidelines,naic_regulatory,actuarial_guideline,Actuarial Guideline XXXVI / 2021 Law Manual reprint,NAIC,companion_reprint,companion-only,chunk-ag36-eiul-crvm-law-manual-reprint-001,1,source_excerpt,review_artifact_derived_text,1,18,pp. 1-18,AG 36 reprint: background through certification closeout,AG 36 reprint: background through certification closeout,Reprint background through certification closeout,AG 36 reprint companion slice,ag 36 reprint companion slice,"ag 36 reprint companion slice ag 36 reprint companion slice the 2021 law manual reprint keeps the companion background, mechanics, hedged-as-required criteria, notification material, and certification closeout together. reprint background through certification closeout ag 36 reprint: background through certification closeout ag 36 reprint: background through certification closeout the application of the commissioners reserve valuation method to equity indexed life insurance policies actuarial guideline xxxvi / 2021 law manual reprint the 2021 law manual reprint keeps the companion background, mechanics, hedged-as-required criteria, notification material, and certification closeout together. companion_guidance duplicate_or_reprint regulatory_requirement reserve_method_structure calculation_structure formula_context prescribed_assumption hedging_or_risk_mitigation reporting_requirement documentation_expectation definition_or_terminology cross_reference_mapping boundary_control_window requires_human_interpretation ag 36 reprint eiul crvm companion regulatory_requirement reporting_requirement documentation_expectation ag 36 reprint companion slice companion_guidance duplicate_or_reprint regulatory_requirement reserve_method_structure calculation_structure formula_context prescribed_assumption hedging_or_risk_mitigation reporting_requirement documentation_expectation definition_or_terminology cross_reference_mapping boundary_control_window requires_human_interpretation ag 36 reprint eiul crvm companion","The 2021 Law Manual reprint keeps the companion background, mechanics, hedged-as-required criteria, notification material, and certification closeout together.","The 2021 Law Manual reprint keeps the companion background, mechanics, hedged-as-required criteria, notification material, and certification closeout together.",companion_guidance|duplicate_or_reprint|regulatory_requirement|reserve_method_structure|calculation_structure|formula_context|prescribed_assumption|hedging_or_risk_mitigation|reporting_requirement|documentation_expectation|definition_or_terminology|cross_reference_mapping|boundary_control_window|requires_human_interpretation,AG 36|reprint|EIUL|CRVM|companion,,regulatory_requirement|reporting_requirement|documentation_expectation,AG 36 reprint companion slice,companion_guidance|duplicate_or_reprint|regulatory_requirement|reserve_method_structure|calculation_structure|formula_context|prescribed_assumption|hedging_or_risk_mitigation|reporting_requirement|documentation_expectation|definition_or_terminology|cross_reference_mapping|boundary_control_window|requires_human_interpretation,AG 36|reprint|EIUL|CRVM|companion,curated,high,true,false,ag36-eiul-crvm-guidance,docs/review/ag36_law_manual_reprint_review_index.md,docs/review/ag36_law_manual_reprint_self_review.md,batch-279,noisy,true,false,data/processed/source_indexes/sources/ag36-eiul-crvm-law-manual-reprint.json
source-index-poc-2026-07-21,source-index-model-governance-practice-note,source-index-model-governance-practice-note,model-governance-practice-note,Model Governance: Some Considerations for Practicing Life Actuaries,practice_notes,naic_regulatory,practice_note,"American Academy of Actuaries practice note, April 2017",AAA,practice_note,non-binding practice note,chunk-model-governance-practice-note-001,1,source_excerpt,review_artifact_derived_text,1,7,pp. 1-7,Opening companion guidance,Opening companion guidance,Opening companion guidance,Model governance opening companion guidance,model governance opening companion guidance,"model governance opening companion guidance model governance opening companion guidance the practice note opens with disclaimer, introduction, and model-development context. opening companion guidance opening companion guidance opening companion guidance model governance: some considerations for practicing life actuaries american academy of actuaries practice note, april 2017 the practice note opens with disclaimer, introduction, and model-development context. background_content caveat_or_companion_guidance non_binding_practice_note cross_reference_mapping boundary_control_window model governance practice note opening model governance opening companion guidance background_content caveat_or_companion_guidance non_binding_practice_note cross_reference_mapping boundary_control_window model governance practice note opening","The practice note opens with disclaimer, introduction, and model-development context.","The practice note opens with disclaimer, introduction, and model-development context.",background_content|caveat_or_companion_guidance|non_binding_practice_note|cross_reference_mapping|boundary_control_window,model governance|practice note|opening,,,Model governance opening companion guidance,background_content|caveat_or_companion_guidance|non_binding_practice_note|cross_reference_mapping|boundary_control_window,model governance|practice note|opening,curated,high,true,false,,docs/review/model_governance_practice_note_review_index.md,docs/review/model_governance_practice_note_self_review.md,batch-183|batch-184|batch-185,clean,false,false,data/processed/source_indexes/sources/model-governance-practice-note.json
source-index-poc-2026-07-21,source-index-model-governance-practice-note,source-index-model-governance-practice-note,model-governance-practice-note,Model Governance: Some Considerations for Practicing Life Actuaries,practice_notes,naic_regulatory,practice_note,"American Academy of Actuaries practice note, April 2017",AAA,practice_note,non-binding practice note,chunk-model-governance-practice-note-002,2,source_excerpt,review_artifact_derived_text,8,14,pp. 8-14,Governance and validation,Governance and validation,Governance and validation,Model governance policy risk controls validation,model governance policy risk controls validation,"model governance policy risk controls validation model governance policy risk controls validation the practice note covers model governance policy, risk, controls, and validation. governance and validation governance and validation governance and validation model governance: some considerations for practicing life actuaries american academy of actuaries practice note, april 2017 the practice note covers model governance policy, risk, controls, and validation. governance_or_control_expectation documentation_expectation non_binding_practice_note cross_reference_mapping requires_human_interpretation governance controls validation practice note governance_or_control_expectation documentation_expectation model governance policy risk controls validation governance_or_control_expectation documentation_expectation non_binding_practice_note cross_reference_mapping requires_human_interpretation governance controls validation practice note","The practice note covers model governance policy, risk, controls, and validation.","The practice note covers model governance policy, risk, controls, and validation.",governance_or_control_expectation|documentation_expectation|non_binding_practice_note|cross_reference_mapping|requires_human_interpretation,governance|controls|validation|practice note,,governance_or_control_expectation|documentation_expectation,Model governance policy risk controls validation,governance_or_control_expectation|documentation_expectation|non_binding_practice_note|cross_reference_mapping|requires_human_interpretation,governance|controls|validation|practice note,curated,high,true,false,,docs/review/model_governance_practice_note_review_index.md,docs/review/model_governance_practice_note_self_review.md,batch-183|batch-184|batch-185,clean,false,false,data/processed/source_indexes/sources/model-governance-practice-note.json
source-index-poc-2026-07-21,source-index-model-governance-practice-note,source-index-model-governance-practice-note,model-governance-practice-note,Model Governance: Some Considerations for Practicing Life Actuaries,practice_notes,naic_regulatory,practice_note,"American Academy of Actuaries practice note, April 2017",AAA,practice_note,non-binding practice note,chunk-model-governance-practice-note-003,3,source_excerpt,review_artifact_derived_text,15,18,pp. 15-18,Validation and documentation closeout,Validation and documentation closeout,Validation and documentation closeout,Model governance validation documentation closeout,model governance validation documentation closeout,"model governance validation documentation closeout model governance validation documentation closeout the practice note closes with validation, documentation, references, and definitions. validation and documentation closeout validation and documentation closeout validation and documentation closeout model governance: some considerations for practicing life actuaries american academy of actuaries practice note, april 2017 the practice note closes with validation, documentation, references, and definitions. documentation_expectation definition_or_terminology non_binding_practice_note cross_reference_mapping boundary_control_window requires_human_interpretation validation documentation closeout practice note documentation_expectation model governance validation documentation closeout documentation_expectation definition_or_terminology non_binding_practice_note cross_reference_mapping boundary_control_window requires_human_interpretation validation documentation closeout practice note","The practice note closes with validation, documentation, references, and definitions.","The practice note closes with validation, documentation, references, and definitions.",documentation_expectation|definition_or_terminology|non_binding_practice_note|cross_reference_mapping|boundary_control_window|requires_human_interpretation,validation|documentation|closeout|practice note,,documentation_expectation,Model governance validation documentation closeout,documentation_expectation|definition_or_terminology|non_binding_practice_note|cross_reference_mapping|boundary_control_window|requires_human_interpretation,validation|documentation|closeout|practice note,curated,high,true,false,,docs/review/model_governance_practice_note_review_index.md,docs/review/model_governance_practice_note_self_review.md,batch-183|batch-184|batch-185,clean,false,false,data/processed/source_indexes/sources/model-governance-practice-note.json
source-index-poc-2026-07-21,source-index-actuarial-memorandum-practice-note,source-index-actuarial-memorandum-practice-note,actuarial-memorandum-practice-note,Actuarial Memorandum Practice Note,practice_notes,naic_regulatory,practice_note,"American Academy of Actuaries exposure draft, January 2020",AAA,practice_note,non-binding practice note,chunk-actuarial-memorandum-practice-note-001,1,source_excerpt,review_artifact_derived_text,1,8,pp. 1-8,Opening and background guidance,Opening and background guidance,Opening and background guidance,Actuarial memorandum opening background guidance,actuarial memorandum opening background guidance,"actuarial memorandum opening background guidance actuarial memorandum opening background guidance the note opens with exposure-draft framing and background guidance. opening and background guidance opening and background guidance opening and background guidance actuarial memorandum practice note american academy of actuaries exposure draft, january 2020 the note opens with exposure-draft framing and background guidance. background_content caveat_or_companion_guidance non_binding_practice_note cross_reference_mapping boundary_control_window actuarial memorandum practice note opening actuarial memorandum opening background guidance background_content caveat_or_companion_guidance non_binding_practice_note cross_reference_mapping boundary_control_window actuarial memorandum practice note opening",The note opens with exposure-draft framing and background guidance.,The note opens with exposure-draft framing and background guidance.,background_content|caveat_or_companion_guidance|non_binding_practice_note|cross_reference_mapping|boundary_control_window,actuarial memorandum|practice note|opening,,,Actuarial memorandum opening background guidance,background_content|caveat_or_companion_guidance|non_binding_practice_note|cross_reference_mapping|boundary_control_window,actuarial memorandum|practice note|opening,curated,high,true,false,,docs/review/actuarial_memorandum_practice_note_review_index.md,docs/review/actuarial_memorandum_practice_note_self_review.md,batch-202|batch-203|batch-204|batch-205,clean,false,false,data/processed/source_indexes/sources/actuarial-memorandum-practice-note.json
source-index-poc-2026-07-21,source-index-actuarial-memorandum-practice-note,source-index-actuarial-memorandum-practice-note,actuarial-memorandum-practice-note,Actuarial Memorandum Practice Note,practice_notes,naic_regulatory,practice_note,"American Academy of Actuaries exposure draft, January 2020",AAA,practice_note,non-binding practice note,chunk-actuarial-memorandum-practice-note-002,2,source_excerpt,review_artifact_derived_text,9,18,pp. 9-18,Drafting and content considerations,Drafting and content considerations,Drafting and content considerations,Actuarial memorandum drafting content considerations,actuarial memorandum drafting content considerations,"actuarial memorandum drafting content considerations actuarial memorandum drafting content considerations the note covers drafting and content considerations for the memorandum. drafting and content considerations drafting and content considerations drafting and content considerations actuarial memorandum practice note american academy of actuaries exposure draft, january 2020 the note covers drafting and content considerations for the memorandum. reporting_requirement documentation_expectation definition_or_terminology non_binding_practice_note cross_reference_mapping memorandum drafting content practice note reporting_requirement documentation_expectation actuarial memorandum drafting content considerations reporting_requirement documentation_expectation definition_or_terminology non_binding_practice_note cross_reference_mapping memorandum drafting content practice note",The note covers drafting and content considerations for the memorandum.,The note covers drafting and content considerations for the memorandum.,reporting_requirement|documentation_expectation|definition_or_terminology|non_binding_practice_note|cross_reference_mapping,memorandum|drafting|content|practice note,,reporting_requirement|documentation_expectation,Actuarial memorandum drafting content considerations,reporting_requirement|documentation_expectation|definition_or_terminology|non_binding_practice_note|cross_reference_mapping,memorandum|drafting|content|practice note,curated,high,true,false,,docs/review/actuarial_memorandum_practice_note_review_index.md,docs/review/actuarial_memorandum_practice_note_self_review.md,batch-202|batch-203|batch-204|batch-205,clean,false,false,data/processed/source_indexes/sources/actuarial-memorandum-practice-note.json
source-index-poc-2026-07-21,source-index-actuarial-memorandum-practice-note,source-index-actuarial-memorandum-practice-note,actuarial-memorandum-practice-note,Actuarial Memorandum Practice Note,practice_notes,naic_regulatory,practice_note,"American Academy of Actuaries exposure draft, January 2020",AAA,practice_note,non-binding practice note,chunk-actuarial-memorandum-practice-note-003,3,source_excerpt,review_artifact_derived_text,19,27,pp. 19-27,Judgment and reserve-items slice,Judgment and reserve-items slice,Judgment and reserve-items slice,Actuarial memorandum judgment reserve items,actuarial memorandum judgment reserve items,"actuarial memorandum judgment reserve items actuarial memorandum judgment reserve items the note addresses judgment-heavy reserve-item considerations. judgment and reserve-items slice judgment and reserve-items slice judgment and reserve-items slice actuarial memorandum practice note american academy of actuaries exposure draft, january 2020 the note addresses judgment-heavy reserve-item considerations. calculation_structure formula_context reporting_requirement documentation_expectation non_binding_practice_note requires_human_interpretation judgment reserve items memorandum practice note reporting_requirement documentation_expectation actuarial memorandum judgment reserve items calculation_structure formula_context reporting_requirement documentation_expectation non_binding_practice_note requires_human_interpretation judgment reserve items memorandum practice note",The note addresses judgment-heavy reserve-item considerations.,The note addresses judgment-heavy reserve-item considerations.,calculation_structure|formula_context|reporting_requirement|documentation_expectation|non_binding_practice_note|requires_human_interpretation,judgment|reserve items|memorandum|practice note,,reporting_requirement|documentation_expectation,Actuarial memorandum judgment reserve items,calculation_structure|formula_context|reporting_requirement|documentation_expectation|non_binding_practice_note|requires_human_interpretation,judgment|reserve items|memorandum|practice note,curated,high,true,false,,docs/review/actuarial_memorandum_practice_note_review_index.md,docs/review/actuarial_memorandum_practice_note_self_review.md,batch-202|batch-203|batch-204|batch-205,clean,false,false,data/processed/source_indexes/sources/actuarial-memorandum-practice-note.json
source-index-poc-2026-07-21,source-index-actuarial-memorandum-practice-note,source-index-actuarial-memorandum-practice-note,actuarial-memorandum-practice-note,Actuarial Memorandum Practice Note,practice_notes,naic_regulatory,practice_note,"American Academy of Actuaries exposure draft, January 2020",AAA,practice_note,non-binding practice note,chunk-actuarial-memorandum-practice-note-004,4,source_excerpt,review_artifact_derived_text,28,37,pp. 28-37,Appendices and checklist,Appendices and checklist,Appendices and checklist,Actuarial memorandum appendices checklist,actuarial memorandum appendices checklist,"actuarial memorandum appendices checklist actuarial memorandum appendices checklist the note closes with appendices and checklist material. appendices and checklist appendices and checklist appendices and checklist actuarial memorandum practice note american academy of actuaries exposure draft, january 2020 the note closes with appendices and checklist material. background_content caveat_or_companion_guidance non_binding_practice_note cross_reference_mapping boundary_control_window appendices checklist memorandum practice note actuarial memorandum appendices checklist background_content caveat_or_companion_guidance non_binding_practice_note cross_reference_mapping boundary_control_window appendices checklist memorandum practice note",The note closes with appendices and checklist material.,The note closes with appendices and checklist material.,background_content|caveat_or_companion_guidance|non_binding_practice_note|cross_reference_mapping|boundary_control_window,appendices|checklist|memorandum|practice note,,,Actuarial memorandum appendices checklist,background_content|caveat_or_companion_guidance|non_binding_practice_note|cross_reference_mapping|boundary_control_window,appendices|checklist|memorandum|practice note,curated,high,true,false,,docs/review/actuarial_memorandum_practice_note_review_index.md,docs/review/actuarial_memorandum_practice_note_self_review.md,batch-202|batch-203|batch-204|batch-205,clean,false,false,data/processed/source_indexes/sources/actuarial-memorandum-practice-note.json
source-index-poc-2026-07-21,source-index-reg210-non-guaranteed-elements,source-index-reg210-non-guaranteed-elements,reg210-non-guaranteed-elements,Life Insurance and Annuity Non-Guaranteed Elements,ny_regulations,naic_regulatory,regulation,11 NYCRR Part 48 (Insurance Regulation 210),NY,regulation,active,chunk-reg210-non-guaranteed-elements-001,1,source_excerpt,actual_extracted_source_text,1,3,pp. 1-3,"Opening title, purpose, scope, and definitions","Opening title, purpose, scope, and definitions","Opening title, purpose, scope, and definitions",Regulation 210 opening title purpose scope definitions,regulation 210 opening title purpose scope definitions,"regulation 210 opening title purpose scope definitions regulation 210 opening title purpose scope definitions the regulation opens with title, purpose, scope, and definitions. opening title, purpose, scope, and definitions opening title, purpose, scope, and definitions opening title, purpose, scope, and definitions life insurance and annuity non-guaranteed elements 11 nycrr part 48 (insurance regulation 210) the regulation opens with title, purpose, scope, and definitions. regulatory_requirement state_regulation jurisdiction_specific_requirement definition_or_terminology cross_reference_mapping background_content regulation 210 non-guaranteed elements definitions purpose regulatory_requirement jurisdiction_specific_requirement regulation 210 opening title purpose scope definitions regulatory_requirement state_regulation jurisdiction_specific_requirement definition_or_terminology cross_reference_mapping background_content regulation 210 non-guaranteed elements definitions purpose","The regulation opens with title, purpose, scope, and definitions.","The regulation opens with title, purpose, scope, and definitions.",regulatory_requirement|state_regulation|jurisdiction_specific_requirement|definition_or_terminology|cross_reference_mapping|background_content,Regulation 210|non-guaranteed elements|definitions|purpose,,regulatory_requirement|jurisdiction_specific_requirement,Regulation 210 opening title purpose scope definitions,regulatory_requirement|state_regulation|jurisdiction_specific_requirement|definition_or_terminology|cross_reference_mapping|background_content,Regulation 210|non-guaranteed elements|definitions|purpose,exact,high,true,false,,docs/review/reg210_review_index.md,docs/review/reg210_self_review.md,batch-186|batch-187|batch-188,clean,false,false,data/processed/source_indexes/sources/reg210-non-guaranteed-elements.json
source-index-poc-2026-07-21,source-index-reg210-non-guaranteed-elements,source-index-reg210-non-guaranteed-elements,reg210-non-guaranteed-elements,Life Insurance and Annuity Non-Guaranteed Elements,ny_regulations,naic_regulatory,regulation,11 NYCRR Part 48 (Insurance Regulation 210),NY,regulation,active,chunk-reg210-non-guaranteed-elements-002,2,source_excerpt,actual_extracted_source_text,4,6,pp. 4-6,"Qualified actuary, board-approved criteria, and non-guaranteed elements","Qualified actuary, board-approved criteria, and non-guaranteed elements","Qualified actuary, board-approved criteria, and non-guaranteed elements",Regulation 210 qualified actuary board approved criteria,regulation 210 qualified actuary board approved criteria,"regulation 210 qualified actuary board approved criteria regulation 210 qualified actuary board approved criteria the regulation sets out qualified actuary and board-approved criteria alongside the non-guaranteed element framework. qualified actuary, board-approved criteria, and non-guaranteed elements qualified actuary, board-approved criteria, and non-guaranteed elements qualified actuary, board-approved criteria, and non-guaranteed elements life insurance and annuity non-guaranteed elements 11 nycrr part 48 (insurance regulation 210) the regulation sets out qualified actuary and board-approved criteria alongside the non-guaranteed element framework. regulatory_requirement state_regulation jurisdiction_specific_requirement governance_or_control_expectation company_or_prudent_estimate_assumption cross_reference_mapping regulation 210 qualified actuary board approved non-guaranteed elements regulatory_requirement jurisdiction_specific_requirement governance_or_control_expectation regulation 210 qualified actuary board approved criteria regulatory_requirement state_regulation jurisdiction_specific_requirement governance_or_control_expectation company_or_prudent_estimate_assumption cross_reference_mapping regulation 210 qualified actuary board approved non-guaranteed elements",The regulation sets out qualified actuary and board-approved criteria alongside the non-guaranteed element framework.,The regulation sets out qualified actuary and board-approved criteria alongside the non-guaranteed element framework.,regulatory_requirement|state_regulation|jurisdiction_specific_requirement|governance_or_control_expectation|company_or_prudent_estimate_assumption|cross_reference_mapping,Regulation 210|qualified actuary|board approved|non-guaranteed elements,,regulatory_requirement|jurisdiction_specific_requirement|governance_or_control_expectation,Regulation 210 qualified actuary board approved criteria,regulatory_requirement|state_regulation|jurisdiction_specific_requirement|governance_or_control_expectation|company_or_prudent_estimate_assumption|cross_reference_mapping,Regulation 210|qualified actuary|board approved|non-guaranteed elements,exact,high,true,false,,docs/review/reg210_review_index.md,docs/review/reg210_self_review.md,batch-186|batch-187|batch-188,clean,false,false,data/processed/source_indexes/sources/reg210-non-guaranteed-elements.json
source-index-poc-2026-07-21,source-index-reg210-non-guaranteed-elements,source-index-reg210-non-guaranteed-elements,reg210-non-guaranteed-elements,Life Insurance and Annuity Non-Guaranteed Elements,ny_regulations,naic_regulatory,regulation,11 NYCRR Part 48 (Insurance Regulation 210),NY,regulation,active,chunk-reg210-non-guaranteed-elements-003,3,source_excerpt,actual_extracted_source_text,7,9,pp. 7-9,Filing and records closeout,Filing and records closeout,Filing and records closeout,Regulation 210 filing and records closeout,regulation 210 filing and records closeout,regulation 210 filing and records closeout regulation 210 filing and records closeout the regulation closes with filing and records requirements. filing and records closeout filing and records closeout filing and records closeout life insurance and annuity non-guaranteed elements 11 nycrr part 48 (insurance regulation 210) the regulation closes with filing and records requirements. regulatory_requirement state_regulation jurisdiction_specific_requirement reporting_requirement documentation_expectation governance_or_control_expectation boundary_control_window regulation 210 filing records closeout regulatory_requirement jurisdiction_specific_requirement reporting_requirement documentation_expectation governance_or_control_expectation regulation 210 filing and records closeout regulatory_requirement state_regulation jurisdiction_specific_requirement reporting_requirement documentation_expectation governance_or_control_expectation boundary_control_window regulation 210 filing records closeout,The regulation closes with filing and records requirements.,The regulation closes with filing and records requirements.,regulatory_requirement|state_regulation|jurisdiction_specific_requirement|reporting_requirement|documentation_expectation|governance_or_control_expectation|boundary_control_window,Regulation 210|filing|records|closeout,,regulatory_requirement|jurisdiction_specific_requirement|reporting_requirement|documentation_expectation|governance_or_control_expectation,Regulation 210 filing and records closeout,regulatory_requirement|state_regulation|jurisdiction_specific_requirement|reporting_requirement|documentation_expectation|governance_or_control_expectation|boundary_control_window,Regulation 210|filing|records|closeout,exact,high,true,false,,docs/review/reg210_review_index.md,docs/review/reg210_self_review.md,batch-186|batch-187|batch-188,clean,false,false,data/processed/source_indexes/sources/reg210-non-guaranteed-elements.json
source-index-poc-2026-07-21,source-index-cia-2022-capital-fct-educational-note,source-index-cia-2022-capital-fct-educational-note,cia-2022-capital-fct-educational-note,CIA 2022 Capital and FCT Educational Note,educational_notes,naic_regulatory,educational_note,"Canadian Institute of Actuaries educational note, February 2022",Canada,educational_note,educational note,chunk-cia-2022-capital-fct-educational-note-001,1,source_excerpt,actual_extracted_source_text,1,6,pp. 1-6,Opening and background guidance,Opening and background guidance,Opening and background guidance,CIA educational note opening background guidance,cia educational note opening background guidance,"cia educational note opening background guidance cia educational note opening background guidance the note opens with educational-note framing and background guidance. opening and background guidance opening and background guidance opening and background guidance cia 2022 capital and fct educational note canadian institute of actuaries educational note, february 2022 the note opens with educational-note framing and background guidance. background_content caveat_or_companion_guidance non_binding_practice_note educational_note cross_reference_mapping cia educational note capital fct cia educational note opening background guidance background_content caveat_or_companion_guidance non_binding_practice_note educational_note cross_reference_mapping cia educational note capital fct",The note opens with educational-note framing and background guidance.,The note opens with educational-note framing and background guidance.,background_content|caveat_or_companion_guidance|non_binding_practice_note|educational_note|cross_reference_mapping,CIA|educational note|capital|FCT,,,CIA educational note opening background guidance,background_content|caveat_or_companion_guidance|non_binding_practice_note|educational_note|cross_reference_mapping,CIA|educational note|capital|FCT,exact,high,true,false,,docs/review/cia_2022_capital_fct_educational_note_review_index.md,docs/review/cia_2022_capital_fct_educational_note_self_review.md,batch-206|batch-207|batch-208|batch-209,clean,false,false,data/processed/source_indexes/sources/cia-2022-capital-fct-educational-note.json
source-index-poc-2026-07-21,source-index-cia-2022-capital-fct-educational-note,source-index-cia-2022-capital-fct-educational-note,cia-2022-capital-fct-educational-note,CIA 2022 Capital and FCT Educational Note,educational_notes,naic_regulatory,educational_note,"Canadian Institute of Actuaries educational note, February 2022",Canada,educational_note,educational note,chunk-cia-2022-capital-fct-educational-note-002,2,source_excerpt,actual_extracted_source_text,7,11,pp. 7-11,Capital and FCT overview,Capital and FCT overview,Capital and FCT overview,CIA educational note capital and FCT overview,cia educational note capital and fct overview,"cia educational note capital and fct overview cia educational note capital and fct overview the note covers the capital and fct overview. capital and fct overview capital and fct overview capital and fct overview cia 2022 capital and fct educational note canadian institute of actuaries educational note, february 2022 the note covers the capital and fct overview. regulatory_requirement reporting_requirement documentation_expectation educational_note cross_reference_mapping capital fct overview cia regulatory_requirement reporting_requirement documentation_expectation cia educational note capital and fct overview regulatory_requirement reporting_requirement documentation_expectation educational_note cross_reference_mapping capital fct overview cia",The note covers the capital and FCT overview.,The note covers the capital and FCT overview.,regulatory_requirement|reporting_requirement|documentation_expectation|educational_note|cross_reference_mapping,capital|FCT|overview|CIA,,regulatory_requirement|reporting_requirement|documentation_expectation,CIA educational note capital and FCT overview,regulatory_requirement|reporting_requirement|documentation_expectation|educational_note|cross_reference_mapping,capital|FCT|overview|CIA,exact,high,true,false,,docs/review/cia_2022_capital_fct_educational_note_review_index.md,docs/review/cia_2022_capital_fct_educational_note_self_review.md,batch-206|batch-207|batch-208|batch-209,clean,false,false,data/processed/source_indexes/sources/cia-2022-capital-fct-educational-note.json
source-index-poc-2026-07-21,source-index-cia-2022-capital-fct-educational-note,source-index-cia-2022-capital-fct-educational-note,cia-2022-capital-fct-educational-note,CIA 2022 Capital and FCT Educational Note,educational_notes,naic_regulatory,educational_note,"Canadian Institute of Actuaries educational note, February 2022",Canada,educational_note,educational note,chunk-cia-2022-capital-fct-educational-note-003,3,source_excerpt,actual_extracted_source_text,12,16,pp. 12-16,Additional guidance,Additional guidance,Additional guidance,CIA educational note additional guidance,cia educational note additional guidance,"cia educational note additional guidance cia educational note additional guidance the note adds caution-heavy guidance on climate, covid-19, orsa, reinsurance, and model use. additional guidance additional guidance additional guidance cia 2022 capital and fct educational note canadian institute of actuaries educational note, february 2022 the note adds caution-heavy guidance on climate, covid-19, orsa, reinsurance, and model use. scenario_or_stochastic_requirement reinsurance asset_modeling_judgment educational_note requires_human_interpretation cia climate covid-19 orsa reinsurance cia educational note additional guidance scenario_or_stochastic_requirement reinsurance asset_modeling_judgment educational_note requires_human_interpretation cia climate covid-19 orsa reinsurance","The note adds caution-heavy guidance on climate, COVID-19, ORSA, reinsurance, and model use.","The note adds caution-heavy guidance on climate, COVID-19, ORSA, reinsurance, and model use.",scenario_or_stochastic_requirement|reinsurance|asset_modeling_judgment|educational_note|requires_human_interpretation,CIA|climate|COVID-19|ORSA|reinsurance,,,CIA educational note additional guidance,scenario_or_stochastic_requirement|reinsurance|asset_modeling_judgment|educational_note|requires_human_interpretation,CIA|climate|COVID-19|ORSA|reinsurance,exact,high,true,false,,docs/review/cia_2022_capital_fct_educational_note_review_index.md,docs/review/cia_2022_capital_fct_educational_note_self_review.md,batch-206|batch-207|batch-208|batch-209,clean,false,false,data/processed/source_indexes/sources/cia-2022-capital-fct-educational-note.json
source-index-poc-2026-07-21,source-index-cia-2022-capital-fct-educational-note,source-index-cia-2022-capital-fct-educational-note,cia-2022-capital-fct-educational-note,CIA 2022 Capital and FCT Educational Note,educational_notes,naic_regulatory,educational_note,"Canadian Institute of Actuaries educational note, February 2022",Canada,educational_note,educational note,chunk-cia-2022-capital-fct-educational-note-004,4,source_excerpt,actual_extracted_source_text,17,20,pp. 17-20,Appendices and closeout,Appendices and closeout,Appendices and closeout,CIA educational note appendices closeout,cia educational note appendices closeout,"cia educational note appendices closeout cia educational note appendices closeout the note closes with appendix material and a clear boundary checkpoint. appendices and closeout appendices and closeout appendices and closeout cia 2022 capital and fct educational note canadian institute of actuaries educational note, february 2022 the note closes with appendix material and a clear boundary checkpoint. background_content caveat_or_companion_guidance educational_note boundary_control_window cross_reference_mapping appendix closeout cia educational note cia educational note appendices closeout background_content caveat_or_companion_guidance educational_note boundary_control_window cross_reference_mapping appendix closeout cia educational note",The note closes with appendix material and a clear boundary checkpoint.,The note closes with appendix material and a clear boundary checkpoint.,background_content|caveat_or_companion_guidance|educational_note|boundary_control_window|cross_reference_mapping,appendix|closeout|CIA|educational note,,,CIA educational note appendices closeout,background_content|caveat_or_companion_guidance|educational_note|boundary_control_window|cross_reference_mapping,appendix|closeout|CIA|educational note,exact,high,true,false,,docs/review/cia_2022_capital_fct_educational_note_review_index.md,docs/review/cia_2022_capital_fct_educational_note_self_review.md,batch-206|batch-207|batch-208|batch-209,clean,false,false,data/processed/source_indexes/sources/cia-2022-capital-fct-educational-note.json
source-index-poc-2026-07-21,source-index-synthetic-pricing-product-specification,source-index-synthetic-pricing-product-specification,synthetic-pricing-product-specification,Orion Term Accumulator Product Specification,synthetic_pricing_documents,pricing_documents,product_specification,Synthetic Pricing Corpus,,internal,active,chunk-synthetic-pricing-product-specification-001,1,product_specification,synthetic_source_text,1,1,pp. 1-1,Product specification: control and purpose,Product specification: control and purpose,The product specification establishes the fictional Orion Term Accumulator corpus and the pricing portability test purpose.,This synthetic product specification defines the Orion Term Accumulator test product for pricing portability testing.,Synthetic product specification and purpose statement.,this synthetic product specification defines the orion term accumulator test product for pricing portability testing. synthetic product specification and purpose statement. the product specification establishes the fictional orion term accumulator corpus and the pricing portability test purpose. the product specification establishes the fictional orion term accumulator corpus and the pricing portability test purpose. product specification: control and purpose product specification: control and purpose orion term accumulator product specification synthetic pricing corpus the product specification establishes the fictional orion term accumulator corpus and the pricing portability test purpose. product_family pricing_stage background_content boundary_control_window orion term accumulator product specification synthetic pricing orion term accumulator - product specification.md product_family pricing_stage background_content boundary_control_window orion term accumulator product specification synthetic pricing,The product specification establishes the fictional Orion Term Accumulator corpus and the pricing portability test purpose.,The product specification establishes the fictional Orion Term Accumulator corpus and the pricing portability test purpose.,product_family|pricing_stage|background_content|boundary_control_window,Orion Term Accumulator|product specification|synthetic|pricing,,,Orion Term Accumulator - Product Specification.md,product_family|pricing_stage|background_content|boundary_control_window,Orion Term Accumulator|product specification|synthetic|pricing,curated,high,true,false,synthetic-pricing-assumption-memo|synthetic-pricing-assumption-memo,docs/review/synthetic_pricing_review_index.md,docs/review/synthetic_pricing_self_review.md,batch-synthetic-pricing,clean,false,false,data/processed/source_indexes/sources/synthetic-pricing-product-specification.json
source-index-poc-2026-07-21,source-index-synthetic-pricing-product-specification,source-index-synthetic-pricing-product-specification,synthetic-pricing-product-specification,Orion Term Accumulator Product Specification,synthetic_pricing_documents,pricing_documents,product_specification,Synthetic Pricing Corpus,,internal,active,chunk-synthetic-pricing-product-specification-002,2,product_specification,synthetic_source_text,2,2,pp. 2-2,Product specification: features and limits,Product specification: features and limits,"The product features define the pricing target: flexible premiums, guaranteed accumulation, optional withdrawals, and issue-age limits.","The product has flexible premiums, a guaranteed minimum accumulation rate, optional withdrawals, and age-limited issue rules.",Synthetic product features and eligibility limits.,"the product has flexible premiums, a guaranteed minimum accumulation rate, optional withdrawals, and age-limited issue rules. synthetic product features and eligibility limits. the product features define the pricing target: flexible premiums, guaranteed accumulation, optional withdrawals, and issue-age limits. the product features define the pricing target: flexible premiums, guaranteed accumulation, optional withdrawals, and issue-age limits. product specification: features and limits product specification: features and limits orion term accumulator product specification synthetic pricing corpus the product features define the pricing target: flexible premiums, guaranteed accumulation, optional withdrawals, and issue-age limits. product_family benefit eligibility pricing_impact implementation_dependency guaranteed minimum accumulation rate optional withdrawal issue age charges orion term accumulator - product specification.md product_family benefit eligibility pricing_impact implementation_dependency guaranteed minimum accumulation rate optional withdrawal issue age charges","The product features define the pricing target: flexible premiums, guaranteed accumulation, optional withdrawals, and issue-age limits.","The product features define the pricing target: flexible premiums, guaranteed accumulation, optional withdrawals, and issue-age limits.",product_family|benefit|eligibility|pricing_impact|implementation_dependency,guaranteed minimum accumulation rate|optional withdrawal|issue age|charges,,,Orion Term Accumulator - Product Specification.md,product_family|benefit|eligibility|pricing_impact|implementation_dependency,guaranteed minimum accumulation rate|optional withdrawal|issue age|charges,curated,high,true,false,synthetic-pricing-assumption-memo|synthetic-pricing-pricing-methodology,docs/review/synthetic_pricing_review_index.md,docs/review/synthetic_pricing_self_review.md,batch-synthetic-pricing,clean,false,false,data/processed/source_indexes/sources/synthetic-pricing-product-specification.json
source-index-poc-2026-07-21,source-index-synthetic-pricing-assumption-memo,source-index-synthetic-pricing-assumption-memo,synthetic-pricing-assumption-memo,Orion Term Accumulator Assumption Memo,synthetic_pricing_documents,pricing_documents,assumption_memo,Synthetic Pricing Corpus,,internal,active,chunk-synthetic-pricing-assumption-memo-001,1,assumption_memo,synthetic_source_text,1,1,pp. 1-1,Assumption memo: assumptions,Assumption memo: assumptions,"The assumption memo defines lapse, mortality, expense, and investment return assumptions for the fictional product.","Lapse, mortality, expense, and investment return assumptions are set on a fictional competitor benchmark.",Synthetic pricing assumptions and basis.,"lapse, mortality, expense, and investment return assumptions are set on a fictional competitor benchmark. synthetic pricing assumptions and basis. the assumption memo defines lapse, mortality, expense, and investment return assumptions for the fictional product. the assumption memo defines lapse, mortality, expense, and investment return assumptions for the fictional product. assumption memo: assumptions assumption memo: assumptions orion term accumulator assumption memo synthetic pricing corpus the assumption memo defines lapse, mortality, expense, and investment return assumptions for the fictional product. pricing_assumption_type assumption_basis pricing_stage background_content lapse mortality expenses investment return orion term accumulator - assumption memo.md pricing_assumption_type assumption_basis pricing_stage background_content lapse mortality expenses investment return","The assumption memo defines lapse, mortality, expense, and investment return assumptions for the fictional product.","The assumption memo defines lapse, mortality, expense, and investment return assumptions for the fictional product.",pricing_assumption_type|assumption_basis|pricing_stage|background_content,lapse|mortality|expenses|investment return,,,Orion Term Accumulator - Assumption Memo.md,pricing_assumption_type|assumption_basis|pricing_stage|background_content,lapse|mortality|expenses|investment return,curated,high,true,false,synthetic-pricing-product-specification|synthetic-pricing-pricing-methodology|synthetic-pricing-pricing-methodology,docs/review/synthetic_pricing_review_index.md,docs/review/synthetic_pricing_self_review.md,batch-synthetic-pricing,clean,false,false,data/processed/source_indexes/sources/synthetic-pricing-assumption-memo.json
source-index-poc-2026-07-21,source-index-synthetic-pricing-assumption-memo,source-index-synthetic-pricing-assumption-memo,synthetic-pricing-assumption-memo,Orion Term Accumulator Assumption Memo,synthetic_pricing_documents,pricing_documents,assumption_memo,Synthetic Pricing Corpus,,internal,active,chunk-synthetic-pricing-assumption-memo-002,2,assumption_memo,synthetic_source_text,2,2,pp. 2-2,Assumption memo: experience basis,Assumption memo: experience basis,The memo records the experience basis and the target margin that support the pricing design.,The memo records the fictional experience basis and the internal target margin.,Synthetic experience basis and target margin.,the memo records the fictional experience basis and the internal target margin. synthetic experience basis and target margin. the memo records the experience basis and the target margin that support the pricing design. the memo records the experience basis and the target margin that support the pricing design. assumption memo: experience basis assumption memo: experience basis orion term accumulator assumption memo synthetic pricing corpus the memo records the experience basis and the target margin that support the pricing design. pricing_assumption_type target_metric decision_status implementation_dependency experience basis target margin approval orion term accumulator - assumption memo.md pricing_assumption_type target_metric decision_status implementation_dependency experience basis target margin approval,The memo records the experience basis and the target margin that support the pricing design.,The memo records the experience basis and the target margin that support the pricing design.,pricing_assumption_type|target_metric|decision_status|implementation_dependency,experience basis|target margin|approval,,,Orion Term Accumulator - Assumption Memo.md,pricing_assumption_type|target_metric|decision_status|implementation_dependency,experience basis|target margin|approval,curated,high,true,false,synthetic-pricing-product-specification|synthetic-pricing-pricing-methodology|synthetic-pricing-product-specification,docs/review/synthetic_pricing_review_index.md,docs/review/synthetic_pricing_self_review.md,batch-synthetic-pricing,clean,false,false,data/processed/source_indexes/sources/synthetic-pricing-assumption-memo.json
source-index-poc-2026-07-21,source-index-synthetic-pricing-pricing-methodology,source-index-synthetic-pricing-pricing-methodology,synthetic-pricing-pricing-methodology,Orion Term Accumulator Pricing Methodology,synthetic_pricing_documents,pricing_documents,pricing_methodology,Synthetic Pricing Corpus,,internal,active,chunk-synthetic-pricing-pricing-methodology-001,1,pricing_methodology,synthetic_source_text,1,1,pp. 1-1,Pricing methodology: model approach,Pricing methodology: model approach,The pricing method projects monthly cash flows and applies the assumption memo inputs.,"Project premium streams, account value, claims, expenses, and charges on a monthly basis.",Synthetic pricing method and monthly projection basis.,"project premium streams, account value, claims, expenses, and charges on a monthly basis. synthetic pricing method and monthly projection basis. the pricing method projects monthly cash flows and applies the assumption memo inputs. the pricing method projects monthly cash flows and applies the assumption memo inputs. pricing methodology: model approach pricing methodology: model approach orion term accumulator pricing methodology synthetic pricing corpus the pricing method projects monthly cash flows and applies the assumption memo inputs. pricing_method model_component implementation_dependency calculation_structure discounted cash flow monthly projection charges orion term accumulator - pricing methodology.md pricing_method model_component implementation_dependency calculation_structure discounted cash flow monthly projection charges",The pricing method projects monthly cash flows and applies the assumption memo inputs.,The pricing method projects monthly cash flows and applies the assumption memo inputs.,pricing_method|model_component|implementation_dependency|calculation_structure,discounted cash flow|monthly projection|charges,,,Orion Term Accumulator - Pricing Methodology.md,pricing_method|model_component|implementation_dependency|calculation_structure,discounted cash flow|monthly projection|charges,curated,high,true,false,synthetic-pricing-assumption-memo|synthetic-pricing-profitability-study|synthetic-pricing-assumption-memo,docs/review/synthetic_pricing_review_index.md,docs/review/synthetic_pricing_self_review.md,batch-synthetic-pricing,clean,false,false,data/processed/source_indexes/sources/synthetic-pricing-pricing-methodology.json
source-index-poc-2026-07-21,source-index-synthetic-pricing-pricing-methodology,source-index-synthetic-pricing-pricing-methodology,synthetic-pricing-pricing-methodology,Orion Term Accumulator Pricing Methodology,synthetic_pricing_documents,pricing_documents,pricing_methodology,Synthetic Pricing Corpus,,internal,active,chunk-synthetic-pricing-pricing-methodology-002,2,pricing_methodology,synthetic_source_text,2,2,pp. 2-2,Pricing methodology: sensitivities and dependencies,Pricing methodology: sensitivities and dependencies,The methodology lists sensitivities and supports the downstream profitability study.,"The method uses lapse, yield, and expense sensitivities and feeds the profitability study.",Synthetic sensitivities and study dependency.,"the method uses lapse, yield, and expense sensitivities and feeds the profitability study. synthetic sensitivities and study dependency. the methodology lists sensitivities and supports the downstream profitability study. the methodology lists sensitivities and supports the downstream profitability study. pricing methodology: sensitivities and dependencies pricing methodology: sensitivities and dependencies orion term accumulator pricing methodology synthetic pricing corpus the methodology lists sensitivities and supports the downstream profitability study. sensitivity_driver pricing_risk model_component analysis_dependency lapse sensitivity yield sensitivity expense sensitivity orion term accumulator - pricing methodology.md sensitivity_driver pricing_risk model_component analysis_dependency lapse sensitivity yield sensitivity expense sensitivity",The methodology lists sensitivities and supports the downstream profitability study.,The methodology lists sensitivities and supports the downstream profitability study.,sensitivity_driver|pricing_risk|model_component|analysis_dependency,lapse sensitivity|yield sensitivity|expense sensitivity,,,Orion Term Accumulator - Pricing Methodology.md,sensitivity_driver|pricing_risk|model_component|analysis_dependency,lapse sensitivity|yield sensitivity|expense sensitivity,curated,high,true,false,synthetic-pricing-assumption-memo|synthetic-pricing-profitability-study|synthetic-pricing-profitability-study,docs/review/synthetic_pricing_review_index.md,docs/review/synthetic_pricing_self_review.md,batch-synthetic-pricing,clean,false,false,data/processed/source_indexes/sources/synthetic-pricing-pricing-methodology.json
source-index-poc-2026-07-21,source-index-synthetic-pricing-profitability-study,source-index-synthetic-pricing-profitability-study,synthetic-pricing-profitability-study,Orion Term Accumulator Profitability Study,synthetic_pricing_documents,pricing_documents,profitability_study,Synthetic Pricing Corpus,,internal,active,chunk-synthetic-pricing-profitability-study-001,1,profitability_study,synthetic_source_text,1,1,pp. 1-1,Profitability study: findings,Profitability study: findings,The study reports that the base scenario meets target margin and lapse is the most material sensitivity.,The base scenario meets the target margin and lapse downside is the most material sensitivity.,Synthetic profitability findings and sensitivity ranking.,the base scenario meets the target margin and lapse downside is the most material sensitivity. synthetic profitability findings and sensitivity ranking. the study reports that the base scenario meets target margin and lapse is the most material sensitivity. the study reports that the base scenario meets target margin and lapse is the most material sensitivity. profitability study: findings profitability study: findings orion term accumulator profitability study synthetic pricing corpus the study reports that the base scenario meets target margin and lapse is the most material sensitivity. profitability_metric target_metric sensitivity_driver pricing_risk target margin base scenario lapse downside orion term accumulator - profitability study.md profitability_metric target_metric sensitivity_driver pricing_risk target margin base scenario lapse downside,The study reports that the base scenario meets target margin and lapse is the most material sensitivity.,The study reports that the base scenario meets target margin and lapse is the most material sensitivity.,profitability_metric|target_metric|sensitivity_driver|pricing_risk,target margin|base scenario|lapse downside,,,Orion Term Accumulator - Profitability Study.md,profitability_metric|target_metric|sensitivity_driver|pricing_risk,target margin|base scenario|lapse downside,curated,high,true,false,synthetic-pricing-pricing-methodology|synthetic-pricing-approval-memo|synthetic-pricing-pricing-methodology,docs/review/synthetic_pricing_review_index.md,docs/review/synthetic_pricing_self_review.md,batch-synthetic-pricing,clean,false,false,data/processed/source_indexes/sources/synthetic-pricing-profitability-study.json
source-index-poc-2026-07-21,source-index-synthetic-pricing-profitability-study,source-index-synthetic-pricing-profitability-study,synthetic-pricing-profitability-study,Orion Term Accumulator Profitability Study,synthetic_pricing_documents,pricing_documents,profitability_study,Synthetic Pricing Corpus,,internal,active,chunk-synthetic-pricing-profitability-study-002,2,profitability_study,synthetic_source_text,2,2,pp. 2-2,Profitability study: scenario interpretation,Profitability study: scenario interpretation,The study shows that yield downside remains tolerable even though it reduces profitability.,Yield downside reduces profitability but remains within the modeled tolerance window.,Synthetic scenario interpretation and tolerance window.,yield downside reduces profitability but remains within the modeled tolerance window. synthetic scenario interpretation and tolerance window. the study shows that yield downside remains tolerable even though it reduces profitability. the study shows that yield downside remains tolerable even though it reduces profitability. profitability study: scenario interpretation profitability study: scenario interpretation orion term accumulator profitability study synthetic pricing corpus the study shows that yield downside remains tolerable even though it reduces profitability. scenario_or_stochastic_requirement pricing_risk implementation_dependency yield downside tolerance window profitability orion term accumulator - profitability study.md scenario_or_stochastic_requirement pricing_risk implementation_dependency yield downside tolerance window profitability,The study shows that yield downside remains tolerable even though it reduces profitability.,The study shows that yield downside remains tolerable even though it reduces profitability.,scenario_or_stochastic_requirement|pricing_risk|implementation_dependency,yield downside|tolerance window|profitability,,,Orion Term Accumulator - Profitability Study.md,scenario_or_stochastic_requirement|pricing_risk|implementation_dependency,yield downside|tolerance window|profitability,curated,high,true,false,synthetic-pricing-pricing-methodology|synthetic-pricing-approval-memo|synthetic-pricing-approval-memo,docs/review/synthetic_pricing_review_index.md,docs/review/synthetic_pricing_self_review.md,batch-synthetic-pricing,clean,false,false,data/processed/source_indexes/sources/synthetic-pricing-profitability-study.json
source-index-poc-2026-07-21,source-index-synthetic-pricing-approval-memo,source-index-synthetic-pricing-approval-memo,synthetic-pricing-approval-memo,Orion Term Accumulator Approval Memo,synthetic_pricing_documents,pricing_documents,approval_memo,Synthetic Pricing Corpus,,internal,active,chunk-synthetic-pricing-approval-memo-001,1,approval_memo,synthetic_source_text,1,1,pp. 1-1,Approval memo: approval,Approval memo: approval,The memo records approval of the pricing methodology subject to implementation controls.,The Pricing Governance Committee approves the methodology subject to implementation controls.,Synthetic approval and control condition.,the pricing governance committee approves the methodology subject to implementation controls. synthetic approval and control condition. the memo records approval of the pricing methodology subject to implementation controls. the memo records approval of the pricing methodology subject to implementation controls. approval memo: approval approval memo: approval orion term accumulator approval memo synthetic pricing corpus the memo records approval of the pricing methodology subject to implementation controls. approval_body decision_status governance_or_control_expectation approval pricing governance committee implementation controls governance_or_control_expectation orion term accumulator - approval memo.md approval_body decision_status governance_or_control_expectation approval pricing governance committee implementation controls,The memo records approval of the pricing methodology subject to implementation controls.,The memo records approval of the pricing methodology subject to implementation controls.,approval_body|decision_status|governance_or_control_expectation,approval|pricing governance committee|implementation controls,,governance_or_control_expectation,Orion Term Accumulator - Approval Memo.md,approval_body|decision_status|governance_or_control_expectation,approval|pricing governance committee|implementation controls,curated,high,true,false,synthetic-pricing-pricing-methodology|synthetic-pricing-profitability-study|synthetic-pricing-pricing-methodology,docs/review/synthetic_pricing_review_index.md,docs/review/synthetic_pricing_self_review.md,batch-synthetic-pricing,clean,false,false,data/processed/source_indexes/sources/synthetic-pricing-approval-memo.json
source-index-poc-2026-07-21,source-index-synthetic-pricing-approval-memo,source-index-synthetic-pricing-approval-memo,synthetic-pricing-approval-memo,Orion Term Accumulator Approval Memo,synthetic_pricing_documents,pricing_documents,approval_memo,Synthetic Pricing Corpus,,internal,active,chunk-synthetic-pricing-approval-memo-002,2,approval_memo,synthetic_source_text,2,2,pp. 2-2,Approval memo: change summary,Approval memo: change summary,The memo confirms the controlled versions and documents the change summary.,"The memo confirms version 1.0 of the product spec, assumption memo, and pricing method.",Synthetic change summary and version confirmation.,"the memo confirms version 1.0 of the product spec, assumption memo, and pricing method. synthetic change summary and version confirmation. the memo confirms the controlled versions and documents the change summary. the memo confirms the controlled versions and documents the change summary. approval memo: change summary approval memo: change summary orion term accumulator approval memo synthetic pricing corpus the memo confirms the controlled versions and documents the change summary. version change_summary implementation_dependency version 1.0 change summary approval date orion term accumulator - approval memo.md version change_summary implementation_dependency version 1.0 change summary approval date",The memo confirms the controlled versions and documents the change summary.,The memo confirms the controlled versions and documents the change summary.,version|change_summary|implementation_dependency,version 1.0|change summary|approval date,,,Orion Term Accumulator - Approval Memo.md,version|change_summary|implementation_dependency,version 1.0|change summary|approval date,curated,high,true,false,synthetic-pricing-pricing-methodology|synthetic-pricing-profitability-study|synthetic-pricing-product-specification,docs/review/synthetic_pricing_review_index.md,docs/review/synthetic_pricing_self_review.md,batch-synthetic-pricing,clean,false,false,data/processed/source_indexes/sources/synthetic-pricing-approval-memo.json
